{
  "f_Az_Hz": 39062352.61270242,
  "f_Rz_Hz": 33307946.49027185,
  "f1A_Hz": 20.0,
  "f1R_Hz": 2000.0,
  "gamma_sea": 81812000.0,
  "gamma_rare": 69760000.0,
  "B0_common_T": 2.9999999999999996,
  "B1_sea_T": 1.5360057955262274e-06,
  "B1_rare_T": 0.00018013719343978172,
  "dipolar_scale_SI": 1.054571817e-41,
  "shell_scale_m": 3e-10,
  "t_final_s": 0.3,
  "steps": 20000,
  "n_sea": 12,
  "phi_sea_rad": 1.5707963267948966,
  "phi_rare_rad": 1.5707963267948966,
  "sea_detunings_Hz": [
    10000.0,
    15000.0,
    20000.0,
    25000.0,
    30000.0,
    35000.0,
    40000.0,
    45000.0,
    50000.0
  ],
  "sea_spin_type": "1/2",
  "rare_spin_type": "1/2"
}