{
  "omega_Az": 245435999.99999997,
  "omega_Rz": 209279999.99999997,
  "omega1_sea": 125.66370614359172,
  "omega1_rare": 1256.6370614359173,
  "omega_rf_sea": 245435993.01868296,
  "omega_rf_rare": 209279999.99999997,
  "delta_sea": 6.981317013502121,
  "delta_rare": 0.0,
  "f_Az": 39062352.61270242,
  "f_Rz": 33307946.49027185,
  "f1_sea": 20.0,
  "f1_rare": 200.0,
  "f_rf_sea": 39062351.50159131,
  "f_rf_rare": 33307946.49027185,
  "delta_sea_Hz": 1.111111111990411,
  "delta_rare_Hz": 0.0
}