{
  "omega_Az": 214018149.47999996,
  "omega_Rz": 209279999.99999997,
  "omega1_sea": 12566.370614359172,
  "omega1_rare": 6283.185307179586,
  "omega_rf_sea": 214017364.08183658,
  "omega_rf_rare": 209279999.99999997,
  "delta_sea": 785.3981633782387,
  "delta_rare": 0.0,
  "f_Az": 34062046.401122145,
  "f_Rz": 33307946.49027185,
  "f1_sea": 1999.9999999999998,
  "f1_rare": 999.9999999999999,
  "f_rf_sea": 34061921.401122145,
  "f_rf_rare": 33307946.49027185,
  "delta_sea_Hz": 124.99999999694269,
  "delta_rare_Hz": 0.0
}