{
  "f_Az_Hz": 700.0,
  "f_Rz_Hz": 1099.9999999999998,
  "f1A_Hz": 100.0,
  "f1R_Hz": 50.0,
  "gamma_sea": 4.2,
  "gamma_rare": 6.6,
  "B0_common": 1047.1975511965975,
  "B1_sea": 149.59965017094254,
  "B1_rare": 47.59988869075445,
  "t_final": 1.0,
  "steps": 2000,
  "n_sea": 12,
  "phi_sea": 0.0,
  "phi_rare": 0.0,
  "sea_detunings_Hz": [
    -300.0,
    -200.0,
    -100.0,
    0.0,
    100.0,
    200.0,
    300.0
  ]
}