{
  "n_sea": 12,
  "gamma_sea": 81812000.0,
  "gamma_rare": 69760000.0,
  "B0_sea": 2.9999999999999996,
  "B0_rare": 2.9999999999999996,
  "B1_sea": 1.5360057955262274e-06,
  "B1_rare": 0.0018013719343978171,
  "omega_rf_sea": 245435972.07473192,
  "omega_rf_rare": 209279999.99999997,
  "phi_sea": 1.5707963267948966,
  "phi_rare": 1.5707963267948966,
  "dipolar_scale": 1.054571817e-41,
  "shell_scale": 3e-10,
  "t_final": 0.3,
  "steps": 20000,
  "drive_sea": true,
  "drive_rare": false,
  "init_x_sign": -1,
  "init_rare_level": 3,
  "is_spin_three_half": false
}