{
  "omega_Az": 245435999.99999997,
  "omega_Rz": 209279999.99999997,
  "omega1_sea": 125.66370614359172,
  "omega1_rare": 12566.370614359172,
  "omega_rf_sea": 245435214.6018366,
  "omega_rf_rare": 209279999.99999997,
  "delta_sea": 785.3981633782387,
  "delta_rare": 0.0,
  "f_Az": 39062352.61270242,
  "f_Rz": 33307946.49027185,
  "f1_sea": 20.0,
  "f1_rare": 1999.9999999999998,
  "f_rf_sea": 39062227.61270242,
  "f_rf_rare": 33307946.49027185,
  "delta_sea_Hz": 124.99999999694269,
  "delta_rare_Hz": 0.0
}