{
  "omega_Az": 214018149.47999996,
  "omega_Rz": 209279999.99999997,
  "omega1_sea": 125663.70614359173,
  "omega1_rare": 62831.853071795864,
  "omega_rf_sea": 214049565.40653586,
  "omega_rf_rare": 209279999.99999997,
  "delta_sea": -31415.926535904408,
  "delta_rare": 0.0,
  "f_Az": 34062046.401122145,
  "f_Rz": 33307946.49027185,
  "f1_sea": 20000.0,
  "f1_rare": 10000.0,
  "f_rf_sea": 34067046.401122145,
  "f_rf_rare": 33307946.49027185,
  "delta_sea_Hz": -5000.0000000010305,
  "delta_rare_Hz": 0.0
}