{
  "omega_Az": 245435999.99999997,
  "omega_Rz": 209279999.99999997,
  "omega1_sea": 125.66370614359172,
  "omega1_rare": 62.83185307179586,
  "omega_rf_sea": 245434036.5045915,
  "omega_rf_rare": 209279999.99999997,
  "delta_sea": 1963.495408475399,
  "delta_rare": 0.0,
  "f_Az": 39062352.61270242,
  "f_Rz": 33307946.49027185,
  "f1_sea": 20.0,
  "f1_rare": 10.0,
  "f_rf_sea": 39062040.11270242,
  "f_rf_rare": 33307946.49027185,
  "delta_sea_Hz": 312.4999999970999,
  "delta_rare_Hz": 0.0
}