{
  "omega_Az": 214018149.47999996,
  "omega_Rz": 209279999.99999997,
  "omega1_sea": 1256.6370614359173,
  "omega1_rare": 628.3185307179587,
  "omega_rf_sea": 214017599.7012856,
  "omega_rf_rare": 209279999.99999997,
  "delta_sea": 549.7787143588066,
  "delta_rare": 0.0,
  "f_Az": 34062046.401122145,
  "f_Rz": 33307946.49027185,
  "f1_sea": 200.0,
  "f1_rare": 100.0,
  "f_rf_sea": 34061958.901122145,
  "f_rf_rare": 33307946.49027185,
  "delta_sea_Hz": 87.49999999691126,
  "delta_rare_Hz": 0.0
}