{
  "omega_Az": 245435999.99999997,
  "omega_Rz": 209279999.99999997,
  "omega1_sea": 125.66370614359172,
  "omega1_rare": 1256.6370614359173,
  "omega_rf_sea": 245435951.13078094,
  "omega_rf_rare": 209279999.99999997,
  "delta_sea": 48.8692190349102,
  "delta_rare": 0.0,
  "f_Az": 39062352.61270242,
  "f_Rz": 33307946.49027185,
  "f1_sea": 20.0,
  "f1_rare": 200.0,
  "f_rf_sea": 39062344.834924646,
  "f_rf_rare": 33307946.49027185,
  "delta_sea_Hz": 7.777777774446502,
  "delta_rare_Hz": 0.0
}