{
  "n_sea": 12,
  "gamma_sea": 71339383.16,
  "gamma_rare": 69760000.0,
  "B0_sea": 2.9999999999999996,
  "B0_rare": 2.9999999999999996,
  "B1_sea": 0.00017614913470972003,
  "B1_rare": 9.006859671989086e-05,
  "omega_rf_sea": 214020942.00680318,
  "omega_rf_rare": 209279999.99999997,
  "phi_sea": 0.0,
  "phi_rare": 0.0,
  "dipolar_scale": 1.054571817e-41,
  "shell_scale": 3e-10,
  "t_final": 0.03,
  "steps": 2000,
  "drive_sea": true,
  "drive_rare": true,
  "init_x_sign": -1,
  "init_rare_level": 3
}