{
  "omega_Az": 4398.22971502571,
  "omega_Rz": 6911.503837897543,
  "omega1_sea": 628.3185307179587,
  "omega1_rare": 314.1592653589793,
  "omega_rf_sea": 5026.548245743669,
  "omega_rf_rare": 6911.503837897543,
  "delta_sea": -628.3185307179592,
  "delta_rare": 0.0,
  "f_Az": 699.9999999999999,
  "f_Rz": 1099.9999999999998,
  "f1_sea": 100.0,
  "f1_rare": 50.0,
  "f_rf_sea": 800.0,
  "f_rf_rare": 1099.9999999999998,
  "delta_sea_Hz": -100.0000000000001,
  "delta_rare_Hz": 0.0
}