{
  "omega_Az": 245435999.99999997,
  "omega_Rz": 209279999.99999997,
  "omega1_sea": 125.66370614359172,
  "omega1_rare": 12566.370614359172,
  "omega_rf_sea": 245432858.4073464,
  "omega_rf_rare": 209279999.99999997,
  "delta_sea": 3141.5926535725594,
  "delta_rare": 0.0,
  "f_Az": 39062352.61270242,
  "f_Rz": 33307946.49027185,
  "f1_sea": 20.0,
  "f1_rare": 1999.9999999999998,
  "f_rf_sea": 39061852.61270242,
  "f_rf_rare": 33307946.49027185,
  "delta_sea_Hz": 499.99999999725713,
  "delta_rare_Hz": 0.0
}