{
  "omega_Az": 245435999.99999997,
  "omega_Rz": 209279999.99999997,
  "omega1_sea": 125.66370614359172,
  "omega1_rare": 1256.6370614359173,
  "omega_rf_sea": 245435986.03736594,
  "omega_rf_rare": 209279999.99999997,
  "delta_sea": 13.962634027004242,
  "delta_rare": 0.0,
  "f_Az": 39062352.61270242,
  "f_Rz": 33307946.49027185,
  "f1_sea": 20.0,
  "f1_rare": 200.0,
  "f_rf_sea": 39062350.3904802,
  "f_rf_rare": 33307946.49027185,
  "delta_sea_Hz": 2.222222223980822,
  "delta_rare_Hz": 0.0
}