{
  "omega_Az": 245435999.99999997,
  "omega_Rz": 209279999.99999997,
  "omega1_sea": 125.66370614359172,
  "omega1_rare": 62.83185307179586,
  "omega_rf_sea": 245310336.29385638,
  "omega_rf_rare": 209279999.99999997,
  "delta_sea": 125663.70614358783,
  "delta_rare": 0.0,
  "f_Az": 39062352.61270242,
  "f_Rz": 33307946.49027185,
  "f1_sea": 20.0,
  "f1_rare": 10.0,
  "f_rf_sea": 39042352.61270242,
  "f_rf_rare": 33307946.49027185,
  "delta_sea_Hz": 19999.99999999938,
  "delta_rare_Hz": 0.0
}