{
  "n_sea": 12,
  "gamma_sea": 4.2,
  "gamma_rare": 6.6,
  "B0_sea": 1047.1975511965975,
  "B0_rare": 1047.1975511965975,
  "B1_sea": 149.59965017094254,
  "B1_rare": 47.59988869075445,
  "omega_rf_sea": 2513.2741228718346,
  "omega_rf_rare": 6911.503837897543,
  "phi_sea": 0.0,
  "phi_rare": 0.0,
  "dipolar_scale": 6.283185307179586,
  "shell_scale": 0.282393,
  "t_final": 1.0,
  "steps": 2000,
  "drive_sea": true,
  "drive_rare": true,
  "init_x_sign": -1,
  "init_rare_level": 3,
  "seed": 6
}