{
  "omega_Az": 214018149.47999996,
  "omega_Rz": 209279999.99999997,
  "omega1_sea": 125.66370614359172,
  "omega1_rare": 62.83185307179586,
  "omega_rf_sea": 213782530.03098074,
  "omega_rf_rare": 209279999.99999997,
  "delta_sea": 235619.44901922345,
  "delta_rare": 0.0,
  "f_Az": 34062046.401122145,
  "f_Rz": 33307946.49027185,
  "f1_sea": 20.0,
  "f1_rare": 10.0,
  "f_rf_sea": 34024546.401122145,
  "f_rf_rare": 33307946.49027185,
  "delta_sea_Hz": 37499.99999999825,
  "delta_rare_Hz": 0.0
}