{
  "f_Az_Hz": 34062046.401122145,
  "f_Rz_Hz": 33307946.49027185,
  "f1A_Hz": 200.0,
  "f1R_Hz": 100.0,
  "gamma_sea": 71339383.16,
  "gamma_rare": 69760000.0,
  "B0_common_T": 2.9999999999999996,
  "B1_sea_T": 1.7614913470972005e-05,
  "B1_rare_T": 9.006859671989085e-06,
  "dipolar_scale_SI": 1.054571817e-41,
  "shell_scale_m": 3e-10,
  "t_final_s": 0.03,
  "steps": 2000,
  "n_sea": 12,
  "phi_sea_rad": 0.0,
  "phi_rare_rad": 0.0,
  "sea_detunings_Hz": [
    0.0,
    12.5,
    25.0,
    37.5,
    50.0,
    62.5,
    75.0,
    87.5,
    100.0
  ]
}