{
  "omega_Az": 214018149.47999996,
  "omega_Rz": 209279999.99999997,
  "omega1_sea": 125663.70614359173,
  "omega1_rare": 62831.853071795864,
  "omega_rf_sea": 214143813.18614355,
  "omega_rf_rare": 209279999.99999997,
  "delta_sea": -125663.70614358783,
  "delta_rare": 0.0,
  "f_Az": 34062046.401122145,
  "f_Rz": 33307946.49027185,
  "f1_sea": 20000.0,
  "f1_rare": 10000.0,
  "f_rf_sea": 34082046.401122145,
  "f_rf_rare": 33307946.49027185,
  "delta_sea_Hz": -19999.99999999938,
  "delta_rare_Hz": 0.0
}