{
  "n_sea": 12,
  "gamma_sea": 71339383.16,
  "gamma_rare": 69760000.0,
  "B0_sea": 2.9999999999999996,
  "B0_rare": 2.9999999999999996,
  "B1_sea": 0.0017614913470972004,
  "B1_rare": 0.0009006859671989086,
  "omega_rf_sea": 214143813.18614355,
  "omega_rf_rare": 209279999.99999997,
  "phi_sea": 0.0,
  "phi_rare": 0.0,
  "dipolar_scale": 1.054571817e-41,
  "shell_scale": 3e-10,
  "t_final": 0.01,
  "steps": 4000,
  "drive_sea": true,
  "drive_rare": false,
  "init_x_sign": -1,
  "init_rare_level": 3,
  "seed": 0
}